{
  "mae": 3.788964084026819,
  "rmse": 5.540787082629406,
  "r2": 0.8808572977763728
}